"Timestamp","Username","Team Number","Incident Report ","Incident Report Evidence (Label Files Suitably)","Incidence Detection Method (List)","How do you rate your skills as a Red Team on level (0-5)?","Red Team Tools Used (List)","Teams/VM's Successfully Exploited (Team Name or VM IP)","Hacking / Red Team Report","Red Team/ Hacking Activity Evidence         (Label Files by exploited VM name or exploited Team Name if possible)"
"2017/08/31 11:13:08 PM GMT","","Team 1","Network Exploit (Probing/ SYN or TCP based Attack);Service Compromise (SSH/MySQL) stopped by Attacker","https://drive.google.com/a/asu.edu/open?usp=forms_web&id=0B0zCNC57F9nsVGR0RDZQNWhqQjQ","Logs
Network Monitoring","1 Basic","Armitage
Cobalt Strike","","Network Explot (Successful Probe/ SYN based Attack)","https://drive.google.com/a/asu.edu/open?usp=forms_web&id=0B0zCNC57F9nsT2Zlb293em03SlE"
"2017/09/01 6:07:12 PM GMT","achaud16@asu.edu","Team 1","Pwn - Root Compromise on VM (Account Lockout)","https://drive.google.com/a/asu.edu/open?usp=forms_web&id=0B0zCNC57F9nsbEYydDZyNVhSZHM","Wireshark","2 Intermediate","Armitage
Cobal Strike","Team 1
Team2","Service Disruption","https://drive.google.com/a/asu.edu/open?usp=forms_web&id=0B0zCNC57F9nsSTNfeVg0SXFMUm8"
"2017/09/02 7:54:25 AM GMT","mjlyons2@asu.edu","37","I was attacker","https://drive.google.com/a/asu.edu/open?usp=forms_web&id=0ByuEdkGwpE4yYVF2YmhfVUhOdTQ;https://drive.google.com/a/asu.edu/open?usp=forms_web&id=0ByuEdkGwpE4yaDFIUXdudHZPUUE","I was attacker","2 Intermediate","sshpass & bash

Shell script to attempt logging into all networks with ssh root@IP with password 123456","10.9.0.136","Root Access (Pwn);Service Disruption;Network Explot (Successful Probe/ SYN based Attack)","https://drive.google.com/a/asu.edu/open?usp=forms_web&id=0ByuEdkGwpE4yX2xRS0NDLXJqeEk;https://drive.google.com/a/asu.edu/open?usp=forms_web&id=0ByuEdkGwpE4yTE83QU54Y2tVNzA"
"2017/09/02 8:10:07 AM GMT","mjlyons2@asu.edu","37","I pwned a team","https://drive.google.com/a/asu.edu/open?usp=forms_web&id=0ByuEdkGwpE4yNEpuN3lscS1aRTQ;https://drive.google.com/a/asu.edu/open?usp=forms_web&id=0ByuEdkGwpE4yam1HM2FleG8zT28;https://drive.google.com/a/asu.edu/open?usp=forms_web&id=0ByuEdkGwpE4yYW9SZ2MwNnQtUDQ","I pwned a team","2 Intermediate","bash loop of ssh-ing root@IP with password 123456 into nmap peers
sshpass","10
10.9.0.163","Root Access (Pwn);Service Disruption;Network Explot (Successful Probe/ SYN based Attack)","https://drive.google.com/a/asu.edu/open?usp=forms_web&id=0ByuEdkGwpE4yQnp4elZZWm5uSEU;https://drive.google.com/a/asu.edu/open?usp=forms_web&id=0ByuEdkGwpE4yd0lNOWthZThQQjA;https://drive.google.com/a/asu.edu/open?usp=forms_web&id=0ByuEdkGwpE4yN1JiTDFhYUR0Zlk"
"2017/09/02 8:26:02 AM GMT","mjlyons2@asu.edu","37","I pwned a team","https://drive.google.com/a/asu.edu/open?usp=forms_web&id=0ByuEdkGwpE4ydDhNeG8xZjNKaWM;https://drive.google.com/a/asu.edu/open?usp=forms_web&id=0ByuEdkGwpE4ycGxCbUpjZnptc1E;https://drive.google.com/a/asu.edu/open?usp=forms_web&id=0ByuEdkGwpE4ybmJZLXpRREZ3Q3c","i hacked someone","2 Intermediate","bash loop of ssh-ing root@IP with password 123456 into nmap peers
sshpass","13
10.9.0.173","Root Access (Pwn);Service Disruption;Network Explot (Successful Probe/ SYN based Attack)","https://drive.google.com/a/asu.edu/open?usp=forms_web&id=0ByuEdkGwpE4yTnRMbWNkaDhZLUk;https://drive.google.com/a/asu.edu/open?usp=forms_web&id=0ByuEdkGwpE4yaXZ3WFQwSWx2MUk;https://drive.google.com/a/asu.edu/open?usp=forms_web&id=0ByuEdkGwpE4yUGRYODdRYlYwNUU"
"2017/09/02 8:45:56 AM GMT","mjlyons2@asu.edu","37","I pwned a team","https://drive.google.com/a/asu.edu/open?usp=forms_web&id=0ByuEdkGwpE4ydExvZExqSTFWaW8","i was attacker","2 Intermediate","bash loop of ssh-ing root@IP with password 123456 into nmap peers
sshpass","18
10.9.0.184","Root Access (Pwn);Service Disruption;Network Explot (Successful Probe/ SYN based Attack)","https://drive.google.com/a/asu.edu/open?usp=forms_web&id=0ByuEdkGwpE4ycWRNQXdsUjMxdVE"
"2017/09/02 2:23:33 PM GMT","acharney@asu.edu","47","Red Team report","https://drive.google.com/a/asu.edu/open?usp=forms_web&id=0B4DgPDLlgqKmVVlZLXNKNDNaVzQ","Red team report","1 Basic","Shell script","10.9.0.194","Root Access (Pwn)","https://drive.google.com/a/asu.edu/open?usp=forms_web&id=0B4DgPDLlgqKmYnlSN1J5Q21CYUU"
"2017/09/02 5:38:30 PM GMT","dgthomp2@asu.edu","Team 23","Failed ssh login attempt","https://drive.google.com/a/asu.edu/open?usp=forms_web&id=0B8bwdYHWOtlcZnhfb1pwcm50QWM","SSH auth.log Logging","1 Basic","SSH","10.9.1.26","Root Access (Pwn)","https://drive.google.com/a/asu.edu/open?usp=forms_web&id=0B8bwdYHWOtlcUGlvQ0tlU0ExcWM;https://drive.google.com/a/asu.edu/open?usp=forms_web&id=0B8bwdYHWOtlcT2t2cExZVkxtck0"
"2017/09/04 10:56:45 PM GMT","nalkelai@asu.edu","43","Service Compromise (SSH/MySQL) stopped by Attacker","https://drive.google.com/a/asu.edu/open?usp=forms_web&id=0B4oBiZXLp0cVYnBpNS1UNGpUWWs;https://drive.google.com/a/asu.edu/open?usp=forms_web&id=0B4oBiZXLp0cVdzZubmFPOGtJOFU;https://drive.google.com/a/asu.edu/open?usp=forms_web&id=0B4oBiZXLp0cVZXRlczFfdWdGZVk;https://drive.google.com/a/asu.edu/open?usp=forms_web&id=0B4oBiZXLp0cVbDZHWk1QY0F2aG8","by monitoring the contents of '/var/log/auth.log'","2 Intermediate","""nmap scan"" to see neighbor IP address, and SSH to the IP address ","10.9.0.171","Root Access (Pwn);stolen files ","https://drive.google.com/a/asu.edu/open?usp=forms_web&id=0B4oBiZXLp0cVbnMycW5ZQm9xV1E"
"2017/09/05 8:42:47 AM GMT","nyellow1@asu.edu","31","Service Compromise (SSH/MySQL) stopped by Attacker","https://drive.google.com/a/asu.edu/open?usp=forms_web&id=0B162uQK9_-EgSTYxN0FYcUxxc0k","I SSH into another team's computer and turned off their SSH service. Used the default password to get in.","2 Intermediate","Just a bash script to see which computers used the default password. A lot did.","10.9.0.17","Service Disruption","https://drive.google.com/a/asu.edu/open?usp=forms_web&id=0B162uQK9_-EgaHpsR2lIMEdfRFE"
"2017/09/05 5:24:46 PM GMT","sgollana@asu.edu","Team 6","default password not changed","https://drive.google.com/a/asu.edu/open?usp=forms_web&id=0B61OeeqMBb1GUXZKblo5dGM2TjA;https://drive.google.com/a/asu.edu/open?usp=forms_web&id=0B61OeeqMBb1GclJ2R1k3b2VocGs","sshpass in shell script","2 Intermediate","shell script","10.9.0.155
10.9.0.158","Service Disruption;Reporting default password","https://drive.google.com/a/asu.edu/open?usp=forms_web&id=0B61OeeqMBb1GWks3SmkzRU1waDA;https://drive.google.com/a/asu.edu/open?usp=forms_web&id=0B61OeeqMBb1GY3VUMDBVc3RBSk0"
"2017/09/05 7:12:09 PM GMT","raghuvee@asu.edu","Team 6","SSH to fedora@10.9.0.158 with default password","https://drive.google.com/a/asu.edu/open?usp=forms_web&id=0BxXK_AGl3lLDeUh5ZGRsY1NCSzg","Shell Script with loop to find the users with default password","2 Intermediate","Bash","fedora@10.9.0.158","User Access, Team failed to change the user fedora default password","https://drive.google.com/a/asu.edu/open?usp=forms_web&id=0BxXK_AGl3lLDZlJXeDdZNTdzQzQ"
"2017/09/05 7:19:37 PM GMT","raghuvee@asu.edu","Team 6","SSH to user fedora with default password","https://drive.google.com/a/asu.edu/open?usp=forms_web&id=0BxXK_AGl3lLDc2VWZUFoQzNRQzg","shell script with a loop to find the users(fedora,ubuntu,root) with default password","2 Intermediate","Bash","10.9.0.138","fedora@10.9.0.138 failed to change the default password","https://drive.google.com/a/asu.edu/open?usp=forms_web&id=0BxXK_AGl3lLDSldmTHBqX2Vfdkk"
"2017/09/06 2:29:49 AM GMT","mpizzica@asu.edu","8","Service Compromise (SSH/MySQL) stopped by Attacker","https://drive.google.com/a/asu.edu/open?usp=forms_web&id=0Bw20ynYEjwGGQ3NaSGJ4RW9BVTg;https://drive.google.com/a/asu.edu/open?usp=forms_web&id=0Bw20ynYEjwGGbklJX3dEV09QZDA;https://drive.google.com/a/asu.edu/open?usp=forms_web&id=0Bw20ynYEjwGGMG01VUwxaTJQUm8","BASH Script to determine weak passwords","2 Intermediate","BASH Script","10.9.0.136","Service Disruption","https://drive.google.com/a/asu.edu/open?usp=forms_web&id=0Bw20ynYEjwGGSjAwZkF3cEFZNEU;https://drive.google.com/a/asu.edu/open?usp=forms_web&id=0Bw20ynYEjwGGVmNLcVQ3UW5rNXM;https://drive.google.com/a/asu.edu/open?usp=forms_web&id=0Bw20ynYEjwGGYjNyVmtZSVJfQkU"
"2017/09/06 2:46:21 AM GMT","jdmoor13@asu.edu","4","Service Compromise (SSH/MySQL) stopped by Attacker","https://drive.google.com/a/asu.edu/open?usp=forms_web&id=0B7eMqCWRMNRgdTBsc2pQQXBlWTQ","In Ubuntu: ""cat /var/log/auth.log | grep sshd | grep Did"" showed all unsuccessful attempts to login via SSH. 14 attempts that failed were made between Sep 4 14:24 and Sep 5 17:37.","2 Intermediate","Nmap, Wireshark","VM IP: 10.9.0135","I left a file stating ""You have been hacked."".","https://drive.google.com/a/asu.edu/open?usp=forms_web&id=0B7eMqCWRMNRgZlVHMXZsZTd3Wm8"
"2017/09/06 3:48:41 AM GMT","wfgibbs@asu.edu","12","Attempts to login to vm","https://drive.google.com/a/asu.edu/open?usp=forms_web&id=0BwUZwZ-5vTfLSDhrQ0swQ0wwbGM","Failed ssh login attempts","1 Basic","Shell scripting to automate ssh login","10.9.0.135, 10.9.0.171, 10.9.0.186, 10.9.0.178, 10.9.0.225, 10.9.0.205, 10.9.0.226, 10.9.0.232, 10.9.0.236","ssh access","https://drive.google.com/a/asu.edu/open?usp=forms_web&id=0BwUZwZ-5vTfLR2FFeFJMZkM2LTQ"
"2017/09/06 6:36:21 AM GMT","kmkincad@asu.edu","35","Service Compromise (SSH/MySQL) stopped by Attacker","https://drive.google.com/a/asu.edu/open?usp=forms_web&id=0B3LnJol7muelQVFGV3ZrdXZDbFE","I ran a command which gave me a list of the recent log-in successes on our fedora vm. There was an ip address log in that was not from our team, so I assume this is because a different team was able to successfully log into our fedora vm.","1 Basic","nmap scan and ssh for those machines that had default password","10.9.1.3","Root Access (Pwn)","https://drive.google.com/a/asu.edu/open?usp=forms_web&id=0B3LnJol7muelcnUwb3FRR2NHdjA"
"2017/09/06 8:58:59 AM GMT","tazzouni@asu.edu","45","log in attack attempts","https://drive.google.com/a/asu.edu/open?usp=forms_web&id=0B8KwBZsHBdpwX1RuY2hEN21zdjA;https://drive.google.com/a/asu.edu/open?usp=forms_web&id=0B8KwBZsHBdpwYzJUVFlUN2hraTg;https://drive.google.com/a/asu.edu/open?usp=forms_web&id=0B8KwBZsHBdpwWTBJd3FEOWIyMjA","Authentication log","2 Intermediate","ssh, nmap","10.9.0.140 (ubuntu), 10.9.0.135 (ubuntu), 10.9.0.173 (fedora team: 13)","Root Access (Pwn);ssh, copied files","https://drive.google.com/a/asu.edu/open?usp=forms_web&id=0B8KwBZsHBdpwRU9keUZab1FYWEE;https://drive.google.com/a/asu.edu/open?usp=forms_web&id=0B8KwBZsHBdpwODRHU2dpN1NQMVE;https://drive.google.com/a/asu.edu/open?usp=forms_web&id=0B8KwBZsHBdpwV1Ezejc0Q3cwZFE"
"2017/09/06 1:07:54 PM GMT","rkenney3@asu.edu","46","Service Compromise (SSH/MySQL) stopped by Attacker","https://drive.google.com/a/asu.edu/open?usp=forms_web&id=0B17O4wiOtxyaY0VfSGgzRE9ITHM","Microsoft Event Viewer","1 Basic","n/a","n/a","none","https://drive.google.com/a/asu.edu/open?usp=forms_web&id=0B17O4wiOtxyacldSV3N6eUc5OXc"
"2017/09/06 4:12:26 PM GMT","kvankaya@asu.edu","27","Accessed the account via  root ssh ","https://drive.google.com/a/asu.edu/open?usp=forms_web&id=0B8Ue3urGvwpkN0hiLVRHazBIUVE","We guessed that some virtual machine would be with the default passwords. So, we tried to ssh login into root user of Ubuntu machines in the list we got from nmap commands. We are able to get into 10.9.0.225 machine's root access","2 Intermediate","nmap","10.9.0.225","Root Access (Pwn)","https://drive.google.com/a/asu.edu/open?usp=forms_web&id=0B8Ue3urGvwpkOTlMZ1V3enh1S1k"
"2017/09/06 4:28:58 PM GMT","hnguye46@asu.edu","16","Network Exploit (Probing/ SYN or TCP based Attack);Service Compromise (SSH/MySQL) stopped by Attacker","https://drive.google.com/a/asu.edu/open?usp=forms_web&id=0B4949maeRK9vZTBtUFNOaEZzcGc;https://drive.google.com/a/asu.edu/open?usp=forms_web&id=0B4949maeRK9vN3JfUEkwM1ZyaTg;https://drive.google.com/a/asu.edu/open?usp=forms_web&id=0B4949maeRK9vZnlYMkhLYmR4SUk","Using command 
more /var/log/auth.log to see ssh connection and see the ""root""
For Unauthorized login, we wrote a script that extracted all the IPs from Nmap report, then another script that ssh to these IPs address using root or ubuntu as username. Then send the default password ""123456"" to the host we tried to get in. ","2 Intermediate","expect script
bash script
nmap","10.9.0.153
10.9.1.3
10.9.0.225
10.9.0.205
10.9.0.236
10.9.0.254
","Root Access (Pwn)","https://drive.google.com/a/asu.edu/open?usp=forms_web&id=0B4949maeRK9vZ0IyWFNmSzVLUHc;https://drive.google.com/a/asu.edu/open?usp=forms_web&id=0B4949maeRK9vQ0s0MjJ3eTJuR0k"
"2017/09/06 4:38:49 PM GMT","dcgutie1@asu.edu","18","Pwn - Root Compromise on VM (Account Lockout)","https://drive.google.com/a/asu.edu/open?usp=forms_web&id=0B-io0hHpVrUqaFY3N1pqRUdtOEE","Can't login to vm","1 Basic","SSH","10.9.0.153","Root Access (Pwn)","https://drive.google.com/a/asu.edu/open?usp=forms_web&id=0B-io0hHpVrUqXzktRTlBajZSdTQ"
"2017/09/06 4:50:53 PM GMT","hnguye46@asu.edu","16","Network Exploit (Probing/ SYN or TCP based Attack)","https://drive.google.com/a/asu.edu/open?usp=forms_web&id=0B4949maeRK9vVUlQdWVQbTlJWTg","Using bash script","2 Intermediate","Nmap
Expect
Bash","10.9.1.136","Service Disruption;Network Explot (Successful Probe/ SYN based Attack)","https://drive.google.com/a/asu.edu/open?usp=forms_web&id=0B4949maeRK9vckpJYk5nLTkxXzg"
"2017/09/06 5:21:11 PM GMT","borahill@asu.edu","38","Network Exploit (Probing/ SYN or TCP based Attack)","https://drive.google.com/a/asu.edu/open?usp=forms_web&id=0B7xbHXXTh3XdOXVKRGpRMkVTUkk","Manually searching /var/log/auth.log in Ubuntu VM","1 Basic","Zenmap","10.9.0.153","Root Access (Pwn)","https://drive.google.com/a/asu.edu/open?usp=forms_web&id=0B7xbHXXTh3XdUnVUNThQWUdXbmM;https://drive.google.com/a/asu.edu/open?usp=forms_web&id=0B7xbHXXTh3Xdc1g0R0Rtemdvd1U;https://drive.google.com/a/asu.edu/open?usp=forms_web&id=0B7xbHXXTh3XdYlUwZVAtdUpTRWc;https://drive.google.com/a/asu.edu/open?usp=forms_web&id=0B7xbHXXTh3XddThVeG95WUNUZE0"
"2017/09/06 5:53:08 PM GMT","gjvera@asu.edu","3","NOTHING ","https://drive.google.com/a/asu.edu/open?usp=forms_web&id=0B-ozeMoOWdSSeDlPa3NtdDB2TUE;https://drive.google.com/a/asu.edu/open?usp=forms_web&id=0B-ozeMoOWdSSNUJDMy1hcjI3Z0E","checked authorization logs","1 Basic","ssh","10.9.0.138","Root Access (Pwn)","https://drive.google.com/a/asu.edu/open?usp=forms_web&id=0B-ozeMoOWdSSZHV1TWtPYU01dzg"
"2017/09/06 7:22:50 PM GMT","abetczyn@asu.edu","10","Login Attempt","https://drive.google.com/a/asu.edu/open?usp=forms_web&id=0B2Gy1eHP_5llU3hhc3ZmdDlESm8","Authorization Log review","1 Basic","nmap","None","N/A","https://drive.google.com/a/asu.edu/open?usp=forms_web&id=0B2Gy1eHP_5llaDBxUXF0UjBzUkk"
"2017/09/07 5:43:20 AM GMT","asabur@asu.edu","Team 15","Service Compromise (SSH/MySQL) stopped by Attacker","https://drive.google.com/a/asu.edu/open?usp=forms_web&id=0B3SgJITQqXTpLXBfX29pUUJXVnM","SSh malicious log in","2 Intermediate","Metasploit, Armitage, Nmap, Netcat, Kali linux ","10.9.0.173, 10.9.0.179, 10.9.0.206, 10.9.0.237","Root Access (Pwn)","https://drive.google.com/a/asu.edu/open?usp=forms_web&id=0B3SgJITQqXTpMFpWdVlkYmNTc2c"
"2017/09/07 10:56:31 AM GMT","lalgham1@asu.edu","Team 40","Network Exploit (Probing/ SYN or TCP based Attack)","https://drive.google.com/a/asu.edu/open?usp=forms_web&id=0B3FTrGTtilJGcmRXSnZTRDBQMWs","last|head command to view ip logins ","1 Basic","nmap scan and SSH login","10.9.0.179","Root Access (Pwn)","https://drive.google.com/a/asu.edu/open?usp=forms_web&id=0B3FTrGTtilJGTnFET3lhME0tREE"